model,roc_auc,precision,recall,f1
logistic_regression,0.780241935483871,0.8846153846153846,0.7419354838709677,0.8070175438596491
xgboost,0.7318548387096773,0.8,0.946236559139785,0.8669950738916257
